0,А сколька будэт видавать в гта 5 на ултрах или на високих пж дайтэ ответ,

0,Я понимаю глупый вопрос но все же интерес есть сколько будет фпс в minecraft,

0,PLAYERUNKNOWN'S BATTLEGROUNDS | PUBG сколько ФПС будет на ультра,

0,Заинтересован купить, но в слепую не хочу. Интересуют следующие вопросы: 1. Модель блока питания. 2. Модель вентиляторов. 3. Модель жесткого диска. 4. Наличие пылевых фильтров в корпусе. Спасибо за ответы.,

5,Подойдет ли монитор https://hard.rozetka.com.ua/samsung_c24f396f/p10592250/?utm_source=application&utm_medium=Android&utm_campaing=5.1&utm_userId=38181647 к этому компьютеру?,

0,Можно срази при покупке установить SSD?,

5,Сколько фпс в кс го на ультрах?,

4,Dota 2 на ультра потянет и в сколько фас?,

5,А есть такой с красной подсветкой？,

5,От какой фирмы видео карта , и опиративка,

0,А сколька будэт видавать в гта 5 на ултрах или на високих пж дайтэ ответ,

0,Я понимаю глупый вопрос но все же интерес есть сколько будет фпс в minecraft,

0,PLAYERUNKNOWN'S BATTLEGROUNDS | PUBG сколько ФПС будет на ультра,

0,Заинтересован купить, но в слепую не хочу. Интересуют следующие вопросы: 1. Модель блока питания. 2. Модель вентиляторов. 3. Модель жесткого диска. 4. Наличие пылевых фильтров в корпусе. Спасибо за ответы.,

5,Подойдет ли монитор https://hard.rozetka.com.ua/samsung_c24f396f/p10592250/?utm_source=application&utm_medium=Android&utm_campaing=5.1&utm_userId=38181647 к этому компьютеру?,

0,Можно срази при покупке установить SSD?,

5,Сколько фпс в кс го на ультрах?,

4,Dota 2 на ультра потянет и в сколько фас?,

5,А есть такой с красной подсветкой？,

5,От какой фирмы видео карта , и опиративка,

0,сколько будет выдавать примерно фпс в кс го?,

5,Доброго дня , вчора отримав своє замовлення дякую вам.,

5,Скажите звук встроен?Или нужно докупать звуковую карту???,Переваги: .,Недоліки: .,

4,плохо гта потянул,я думал потянет на оч высоких а потянул на высоких,да и то на высоких иногда подлагивает(((,

5,Сколько будет примерно выдавать ФПС в танках на ультрах?Спасибо,

0,Можете перечислить полную комплектацию пк? (Корпус, Видеокарта, Процессор, Материнка, Блок питания, оперативная память, Винвестер, Кулеры),

0,От какого производителя видеокарта?,

5,поддерживает ли он VGA монитор?,

5,всё весьма прилично в своей "весовой" категории!!!!,Переваги: шустрый, элегантный, технологичный,Недоліки: пока не обнаружил,

0,Сколько разъемов под оперативную память?,

4,Раскроет ли данная сборка gtx 1070?,Переваги: Вроде норм.,Недоліки: Нет,

5,Чи можна придбати даний комп'ютер в розстрочку?,Переваги: -,Недоліки: -,

0,какая модель видео карты сколько в ней бит.Сколько будет фпс doom 4,

0,Смущает картинка.Вопрос к Everest,на фото к компьютеру материнская плата явно не Asus Prime B250-Plus.На нем стоит такая "мать" как на моем фото,или я ошибаюсь?Может кто уже приобрел,прошу ответить.,

5,Как для записи и рендера видео в 60 ФПС? Подойдет или нет?,

5,Можно взять данный ПК в Рассрочку/Кредит?? Если да то на сколько?,Переваги: Незнаю,Недоліки: Наверное нету,

0,Сколько Будет Фпс в Cs Go,

5,В сколько ФПС возьмёт гта 5?,

5,Від якого виробника відеокарта?,

0,можно узнать здесь установлен виндовс или нет,

0,А здесь виндовс уже есть или еще устанавливать нужно?,

